region,name,url
배곧,배곧 우정횟집,https://pcmap.place.naver.com/restaurant/17953470/review/visitor#
배곧,배곧 소쇄원 배곧본점,https://pcmap.place.naver.com/restaurant/1392415102/review/visitor#
배곧,배곧 등대횟집,https://pcmap.place.naver.com/restaurant/17954658/review/visitor#
배곧,배곧 배곧아띠,none
배곧,배곧 경양카츠 배곧점,https://pcmap.place.naver.com/restaurant/1027851025/review/visitor#
배곧,배곧 우아한면,https://pcmap.place.naver.com/restaurant/1382457294/review/visitor#
배곧,배곧 청춘조개본점,https://pcmap.place.naver.com/restaurant/37408005/review/visitor#
배곧,배곧 다시올케이크,https://pcmap.place.naver.com/restaurant/1920325529/review/visitor#
배곧,배곧 카츠오모이,https://pcmap.place.naver.com/restaurant/1201059044/review/visitor#
배곧,배곧 초당옥도나스라운지,https://pcmap.place.naver.com/restaurant/1004140657/review/visitor#
배곧,배곧 불막열삼 배곧점,none
배곧,배곧 별미지교 시흥점,https://pcmap.place.naver.com/restaurant/1966910866/review/visitor#
배곧,배곧 윌로우 우드,https://pcmap.place.naver.com/restaurant/1305244805/review/visitor#
배곧,배곧 양푼애등갈비,https://pcmap.place.naver.com/restaurant/1417147527/review/visitor#
배곧,배곧 고기싸롱 배곧신도시점,none
배곧,배곧 투파인드피터 배곧점,https://pcmap.place.naver.com/restaurant/1953482739/review/visitor#
배곧,배곧 상무초밥 배곧점,none
배곧,배곧 정동진,https://pcmap.place.naver.com/restaurant/13494030/review/visitor#
배곧,배곧 함흥명가 속초코다리냉면 본점,https://pcmap.place.naver.com/restaurant/1022612704/review/visitor#
배곧,배곧 속초물회대게찜전문점,https://pcmap.place.naver.com/restaurant/38552434/review/visitor#
배곧,배곧 Cafe 다합,https://pcmap.place.naver.com/restaurant/1290987420/review/visitor#
배곧,배곧 정씨함박 배곧점,https://pcmap.place.naver.com/restaurant/1259987221/review/visitor#
배곧,배곧 통큰손쭈꾸미마을배곧점,https://pcmap.place.naver.com/restaurant/1142328223/review/visitor#
배곧,배곧 백년상회,https://pcmap.place.naver.com/restaurant/1791942148/review/visitor#
배곧,배곧 저스트텐동 배곧신도시점,https://pcmap.place.naver.com/restaurant/1591032031/review/visitor#
배곧,배곧 초당옥도나스,none
배곧,배곧 크로크롱,https://pcmap.place.naver.com/restaurant/1517128137/review/visitor#
배곧,배곧 조선초밥,https://pcmap.place.naver.com/restaurant/1895180774/review/visitor#
배곧,배곧 사계진미숯불닭갈비 시흥배곧점,none
배곧,배곧 토모루베이커리,none
배곧,배곧 인더비엣 배곧점,https://pcmap.place.naver.com/restaurant/1038821469/review/visitor#
배곧,배곧 어반그릴 바베큐하우스,https://pcmap.place.naver.com/restaurant/1167527594/review/visitor#
배곧,배곧 097라멘,https://pcmap.place.naver.com/restaurant/1478624746/review/visitor#
배곧,배곧 인기명 시흥배곧점,none
배곧,배곧 에비야 배곧점,https://pcmap.place.naver.com/restaurant/1871729844/review/visitor#
배곧,배곧 오봉집 배곧점,https://pcmap.place.naver.com/restaurant/1205793164/review/visitor#
배곧,배곧 백년불고기 배곧점,none
배곧,배곧 한끼식탁,https://pcmap.place.naver.com/restaurant/1174128673/review/visitor#
배곧,배곧 우마카,https://pcmap.place.naver.com/restaurant/1019723648/review/visitor#
배곧,배곧 만고쿠 배곧점,https://pcmap.place.naver.com/restaurant/1698543053/review/visitor#
배곧,배곧 해넘이카페,https://pcmap.place.naver.com/restaurant/1200689624/review/visitor#
배곧,배곧 고반식당 배곧신도시점,none
배곧,배곧 스플렌디드,https://pcmap.place.naver.com/restaurant/1217412267/review/visitor#
배곧,배곧 오영김밥,https://pcmap.place.naver.com/restaurant/1194898689/review/visitor#
배곧,배곧 스시 유우히,https://pcmap.place.naver.com/restaurant/1518364049/review/visitor#
배곧,배곧 천향오 마라탕,none
배곧,배곧 Tailor.Button,https://pcmap.place.naver.com/restaurant/1820366991/review/visitor#
배곧,배곧 화룡짬뽕,https://pcmap.place.naver.com/restaurant/36473136/review/visitor#
배곧,배곧 라라코스트 시흥배곧점,none
배곧,배곧 행복한다이닝 배곧,https://pcmap.place.naver.com/restaurant/804809053/review/visitor#
배곧,배곧 뜰애 배곧점,https://pcmap.place.naver.com/restaurant/1313467813/review/visitor#
배곧,배곧 스시노칸도 배곧점,https://pcmap.place.naver.com/restaurant/1367769709/review/visitor#
배곧,배곧 뽁식당 배곧점,none
배곧,배곧 민들레홍스 시흥 배곧점,https://pcmap.place.naver.com/restaurant/1846931415/review/visitor#
배곧,배곧 건강밥상 심마니 배곧점,https://pcmap.place.naver.com/restaurant/1583227729/review/visitor#
배곧,배곧 마피아피자&펍배곧점,https://pcmap.place.naver.com/restaurant/1273609477/review/visitor#
배곧,배곧 그대가오면,https://pcmap.place.naver.com/restaurant/1204430088/review/visitor#
배곧,배곧 알리스타 케냐커피 본점,https://pcmap.place.naver.com/restaurant/1809214844/review/visitor#
배곧,배곧 참치집,none
배곧,배곧 유미카츠 배곧점,https://pcmap.place.naver.com/restaurant/1335261165/review/visitor#
배곧,배곧 핵밥 시흥배곧점,none
배곧,배곧 뉴오디너리,https://pcmap.place.naver.com/restaurant/1698287632/review/visitor#
배곧,배곧 탐라담,https://pcmap.place.naver.com/restaurant/1972976688/review/visitor#
배곧,배곧 모미지,https://pcmap.place.naver.com/restaurant/1511681552/review/visitor#
배곧,배곧 칼리가리박사의밀실 배곧점,https://pcmap.place.naver.com/restaurant/1896652918/review/visitor#
배곧,배곧 화로상회 배곧점,none
배곧,배곧 아코,none
배곧,배곧 양재역 옛날짜장,https://pcmap.place.naver.com/restaurant/1509385798/review/visitor#
배곧,배곧 조개반장,https://pcmap.place.naver.com/restaurant/36797954/review/visitor#
배곧,배곧 슈케익하우스 시흥 배곧점,none
배곧,배곧 카페 검은순수 배곧본점,https://pcmap.place.naver.com/restaurant/217796033/review/visitor#
배곧,배곧 미가라멘 배곧점,https://pcmap.place.naver.com/restaurant/1141314125/review/visitor#
배곧,배곧 오십이도 칼국수,https://pcmap.place.naver.com/restaurant/1987729489/review/visitor#
배곧,배곧 춘 배곧점,https://pcmap.place.naver.com/restaurant/1472093255/review/visitor#
배곧,배곧 히츠지야 시흥배곧점,https://pcmap.place.naver.com/restaurant/1554988577/review/visitor#
